ano;retorno_ibov;edia_retorno_selic
2013;-0.013134414287347;0.08182018403630
2014;-0.143298353787475;0.10854579601418
2015;0.379053636958373;0.13373877390520
2016;0.27257538734119;0.14079617532944
2017;0.123460047057586;0.10064601194110
2018;0.36341409394489;0.06483204444152
2019;0.0247109163386547;0.05950392139269
2020;-0.128159276642589;0.02775981125939
2021;0.0588920735589955;0.04416038532893
