Ano;Taxa Pre Tesouro;CDS
2018;0.1021;0.02502
2019;0.0924;0.027498
2020;0.06758;0.017732
2021;0.069;0.020894
2022;0.1031;0.028213